<?xml version="1.0" encoding="UTF-8"?>
<project-private xmlns="http://www.netbeans.org/ns/project-private/1">
    <editor-bookmarks xmlns="http://www.netbeans.org/ns/editor-bookmarks/2" lastBookmarkId="0"/>
    <open-files xmlns="http://www.netbeans.org/ns/projectui-open-files/2">
        <group>
            <file>file:/C:/Users/975009/Documents/NetBeansProjects/DISTRIBUIDORAMIX/web/Index.jsp</file>
            <file>file:/C:/Users/975009/Documents/NetBeansProjects/DISTRIBUIDORAMIX/web/JSP/Login.jsp</file>
            <file>file:/C:/Users/975009/Documents/NetBeansProjects/DISTRIBUIDORAMIX/web/JSP/Cadastro.jsp</file>
            <file>file:/C:/Users/975009/Documents/NetBeansProjects/DISTRIBUIDORAMIX/web/JSP/InserirProdutos.jsp</file>
            <file>file:/C:/Users/975009/Documents/NetBeansProjects/DISTRIBUIDORAMIX/src/java/model/Produto.java</file>
            <file>file:/C:/Users/975009/Documents/NetBeansProjects/DISTRIBUIDORAMIX/src/java/controller/InserirProdutoServlet.java</file>
            <file>file:/C:/Users/975009/Documents/NetBeansProjects/DISTRIBUIDORAMIX/web/CSS/InserirProdutos.css</file>
            <file>file:/C:/Users/975009/Documents/NetBeansProjects/DISTRIBUIDORAMIX/web/JS/InserirProdutos.js</file>
        </group>
    </open-files>
</project-private>
